{"keyXOffset":[-11.0,-9.25,-8.5,-8.5,-17.0],"keyYOffset":[-3.0,2.0,4.199999809265137,6.0,1.5],"defaultKeyScale":[2.25,1.75,1.399999976158142,1.399999976158142,1.0],"keyHorizontalSpread":[3.5,2.5,2.0,2.25,1.5],"keyVerticalSpread":[3.5,2.5,2.0,1.75,1.5]}