{"defaultKeyScale":[2.25,1.75,1.399999976158142,1.399999976158142,1.0],"keyHorizontalSpread":[3.5,2.5,2.0,2.25,1.5],"keyVerticalSpread":[3.5,2.5,2.0,1.75,1.5]}